<?xml version="1.0"?>

<addon scheme="3.0" edition_type="ROOT,ULT:VENDOR">
	<id>sw_autoseo</id>
	<version>2.0</version>
	<priority>2018</priority>
	<position>0</position>
	<status>active</status>	
	<has_icon>Y</has_icon>	
	<default_language>en</default_language>
	<authors>
		<author>
			<name>SWEETCODE</name>
			<email>direct@sweetcode.ru</email>
			<url>https://www.sweetcart.ru</url>
			<phone>+7 (831) 4-144-122</phone>
		</author>
	</authors>
	<supplier>SWEETCODE</supplier>
	<supplier_link>https://www.sweetcart.ru</supplier_link>
	<compatibility>
		<conflicts></conflicts>
		<dependencies></dependencies>
		<core_version><min>4.2.4</min></core_version>
		<core_edition>ULTIMATE,MULTIVENDOR</core_edition>
	</compatibility>
	<settings edition_type="ROOT,ULT:VENDOR">
		<sections>
			<section id="settings" edition_type="ROOT,ULT:VENDOR">
				<items>
				    <item id="information">
                        <type>header</type>
                    </item>
					<item id="info">
                        <type>info</type>
                        <handler>fn_sw_autoseo</handler>
                    </item>
					<item id="keys">
						<type>textarea</type>
						<default_value>Купить [product] в интернет магазине [shop] - по выгодной цене. [product]: характеристики, отзывы, описание, обзор, фотографии. Широкий выбор товаров.</default_value>
					</item>
					 <item id="info_bot">
                        <type>info</type>
                        <handler>fn_sw_autoseo_ex</handler>
                    </item>
				</items>
			</section>
		</sections>
	</settings>
	<functions>
        <item for="install">fn_sw_autoseo_notify_developer</item>
    </functions>
</addon>