<?xml version="1.0"?>
<addon scheme="3.0" edition_type="ROOT,ULT:VENDOR">
	<id>sw_any_code</id>
	<version>1.0</version>
	<priority>2017</priority>
	<position>0</position>
	<status>active</status>	
	<has_icon>Y</has_icon>	
	<default_language>en</default_language>
	<authors>
		<author>
			<name>SWEETCODE</name>
			<email>direct@sweetcode.ru</email>
			<url>https://sweetcart.ru</url>
			<phone>+7 (800) 222 30 74</phone>
		</author>
	</authors>
	<supplier>SWEETCODE</supplier>
	<supplier_link>https://sweetcart.ru</supplier_link>
	<compatibility>
		<conflicts></conflicts>
		<dependencies></dependencies>
		<core_version><min>4.3.9</min></core_version>
		<core_edition>ULTIMATE</core_edition>
	</compatibility>
	<settings edition_type="ROOT,ULT:VENDOR">
		<sections>
			<section id="settings" edition_type="ROOT,ULT:VENDOR">
				<items>
				  <item id="information">
                        <type>header</type>
                    </item>
					<item id="id_code_head">
						<type>textarea</type>
					</item>	
					<item id="id_code_head_script">
						<type>textarea</type>
					</item>	
					<item id="id_code">
						<type>textarea</type>
					</item>						
				</items>
			</section>
		</sections>
	</settings>
</addon>